create table Account (id bigint not null, isAdmin integer not null, name varchar(255) not null, password varchar(255) not null, primary key (id));
create table Brick (id bigint not null, color integer, description varchar(255), name varchar(255), primary key (id));
create table BuildingKit (id bigint not null, description varchar(255), name varchar(255), price numeric(19,2), yearFrom integer not null, category_id bigint, themeSet_id bigint, primary key (id));
create table BuildingKit_bricks (BuildingKit_id bigint not null, bricks integer, bricks_KEY bigint not null, primary key (BuildingKit_id, bricks_KEY));
create table Category (id bigint not null, description varchar(255), name varchar(255), primary key (id));
create table ThemeSet (id bigint not null, description varchar(255), name varchar(255), price numeric(19,2), category_id bigint, primary key (id));
alter table Account add constraint UK_5ymbq1k3unixgcda1p89qnjv0 unique (name);
create unique index UK_foei036ov74bv692o5lh5oi66 on Category (name);
alter table BuildingKit add constraint FK_4eli3jjqukr0at6oqq5ft9sxx foreign key (category_id) references Category;
alter table BuildingKit add constraint FK_6lhggwgoi7q674jsbgwst9yse foreign key (themeSet_id) references ThemeSet;
alter table BuildingKit_bricks add constraint FK_qrsmsovm1u9u7b8echd3lplwo foreign key (bricks_KEY) references Brick;
alter table BuildingKit_bricks add constraint FK_y37cdjeuk8bmyihpe4ngdrvw foreign key (BuildingKit_id) references BuildingKit;
alter table ThemeSet add constraint FK_ilkxm83fimc0y4cwllrsr66c4 foreign key (category_id) references Category;
create sequence ACCOUNT_SEQ START WITH 150;
create sequence BRICK_SEQ START WITH 150;
create sequence BUILDINGKIT_SEQ START WITH 150;
create sequence CATEGORY_SEQ START WITH 150;
create sequence THEMESET_SEQ START WITH 150;


INSERT INTO CATEGORY (ID, DESCRIPTION, NAME) VALUES (39, 'inspired by the Middleages', 'Middleages');
INSERT INTO CATEGORY (ID, DESCRIPTION, NAME) VALUES (40, 'inspired by Fantasy', 'Fantasy');
INSERT INTO CATEGORY (ID, DESCRIPTION, NAME) VALUES (41, 'inspired by Video Games', 'Video Games');
INSERT INTO CATEGORY (ID, DESCRIPTION, NAME) VALUES (42, 'inspired by urban life', 'Urban Life');
INSERT INTO CATEGORY (ID, DESCRIPTION, NAME) VALUES (43, 'inspired by famous movies', 'Famous Movies');
INSERT INTO CATEGORY (ID, DESCRIPTION, NAME) VALUES (45, 'desirable for Girls', 'For Girls');

INSERT INTO THEMESET (ID, DESCRIPTION, NAME, PRICE, CATEGORY_ID) VALUES (22, null, 'Castle', 150, 39);
INSERT INTO THEMESET (ID, DESCRIPTION, NAME, PRICE, CATEGORY_ID) VALUES (23, null, 'Kingdoms', 120, 39);
INSERT INTO THEMESET (ID, DESCRIPTION, NAME, PRICE, CATEGORY_ID) VALUES (25, null, 'City', 150, 42);
INSERT INTO THEMESET (ID, DESCRIPTION, NAME, PRICE, CATEGORY_ID) VALUES (26, null, 'Creator', 100, 42);
INSERT INTO THEMESET (ID, DESCRIPTION, NAME, PRICE, CATEGORY_ID) VALUES (28, null, 'Friends', 100, 45);
INSERT INTO THEMESET (ID, DESCRIPTION, NAME, PRICE, CATEGORY_ID) VALUES (29, null, 'The Hobbit', 150, 40);
INSERT INTO THEMESET (ID, DESCRIPTION, NAME, PRICE, CATEGORY_ID) VALUES (30, null, 'Lord of the Rings', 150, 40);
INSERT INTO THEMESET (ID, DESCRIPTION, NAME, PRICE, CATEGORY_ID) VALUES (31, null, 'Legends of Chima', 150, 41);
INSERT INTO THEMESET (ID, DESCRIPTION, NAME, PRICE, CATEGORY_ID) VALUES (32, null, 'Minecraft', 100, 41);
INSERT INTO THEMESET (ID, DESCRIPTION, NAME, PRICE, CATEGORY_ID) VALUES (33, null, 'Star Wars', 120, 43);
INSERT INTO THEMESET (ID, DESCRIPTION, NAME, PRICE, CATEGORY_ID) VALUES (34, null, 'Ninja Turtles', 150, 43);

INSERT INTO BUILDINGKIT (ID, DESCRIPTION, NAME, PRICE, YEARFROM, THEMESET_ID, CATEGORY_ID) VALUES (20, null, 'Forest Ambush', 11.99, 3, 22, 39);
INSERT INTO BUILDINGKIT (ID, DESCRIPTION, NAME, PRICE, YEARFROM, THEMESET_ID, CATEGORY_ID) VALUES (21, null, 'Gold Gateway', 19.99, 3, 22, 39);
INSERT INTO BUILDINGKIT (ID, DESCRIPTION, NAME, PRICE, YEARFROM, THEMESET_ID, CATEGORY_ID) VALUES (22, null, 'Kingdoms Joust', 119.99, 3, 23, 39);
INSERT INTO BUILDINGKIT (ID, DESCRIPTION, NAME, PRICE, YEARFROM, THEMESET_ID, CATEGORY_ID) VALUES (23, null, 'Kingdoms Chess Set', 39.99, 3, 23, 39);
INSERT INTO BUILDINGKIT (ID, DESCRIPTION, NAME, PRICE, YEARFROM, THEMESET_ID, CATEGORY_ID) VALUES (24, null, 'Lake-town Chase', 49.99, 3, 29, 40);
INSERT INTO BUILDINGKIT (ID, DESCRIPTION, NAME, PRICE, YEARFROM, THEMESET_ID, CATEGORY_ID) VALUES (25, null, 'Dol Guldur Battle', 19.99, 3, 29, 40);
INSERT INTO BUILDINGKIT (ID, DESCRIPTION, NAME, PRICE, YEARFROM, THEMESET_ID, CATEGORY_ID) VALUES (26, null, 'The Croc Swamp Hideout', 69.99, 3, 31, 41);
INSERT INTO BUILDINGKIT (ID, DESCRIPTION, NAME, PRICE, YEARFROM, THEMESET_ID, CATEGORY_ID) VALUES (27, null, 'Cragger''s Command Ship', 79.99, 3, 31, 41);
INSERT INTO BUILDINGKIT (ID, DESCRIPTION, NAME, PRICE, YEARFROM, THEMESET_ID, CATEGORY_ID) VALUES (28, null, 'Minecraft', 34.99, 3, 31, 39);
INSERT INTO BUILDINGKIT (ID, DESCRIPTION, NAME, PRICE, YEARFROM, THEMESET_ID, CATEGORY_ID) VALUES (29, null, 'Micro World - The Village', 34.99, 3, 32, 41);
INSERT INTO BUILDINGKIT (ID, DESCRIPTION, NAME, PRICE, YEARFROM, THEMESET_ID, CATEGORY_ID) VALUES (30, null, 'Mobile Police Unit', 44.99, 3, 25, 42);
INSERT INTO BUILDINGKIT (ID, DESCRIPTION, NAME, PRICE, YEARFROM, THEMESET_ID, CATEGORY_ID) VALUES (31, null, 'Camper Van', 19.99, 3, 25, 42);
INSERT INTO BUILDINGKIT (ID, DESCRIPTION, NAME, PRICE, YEARFROM, THEMESET_ID, CATEGORY_ID) VALUES (32, null, 'Mia''s Lemonade Stand', 19.99, 3, 28, 45);
INSERT INTO BUILDINGKIT (ID, DESCRIPTION, NAME, PRICE, YEARFROM, THEMESET_ID, CATEGORY_ID) VALUES (33, null, 'Sunshine Harvert', 19.99, 3, 28, 45);
INSERT INTO BUILDINGKIT (ID, DESCRIPTION, NAME, PRICE, YEARFROM, THEMESET_ID, CATEGORY_ID) VALUES (34, null, 'Death Star', 399.99, 3, 33, 43);
INSERT INTO BUILDINGKIT (ID, DESCRIPTION, NAME, PRICE, YEARFROM, THEMESET_ID, CATEGORY_ID) VALUES (35, null, 'Super Star Destroyer', 399.99, 3, 33, 43);

INSERT INTO BRICK (ID, COLOR, DESCRIPTION, NAME) VALUES (57, 0, null, 'Brick-1-4-4');
INSERT INTO BRICK (ID, COLOR, DESCRIPTION, NAME) VALUES (58, 14, null, 'Brick-6-5-4');
INSERT INTO BRICK (ID, COLOR, DESCRIPTION, NAME) VALUES (59, 13, null, 'Brick-6-5-4');
INSERT INTO BRICK (ID, COLOR, DESCRIPTION, NAME) VALUES (60, 2, null, 'Door-8-4-1');
INSERT INTO BRICK (ID, COLOR, DESCRIPTION, NAME) VALUES (61, 11, null, 'Window-4-4-1');
INSERT INTO BRICK (ID, COLOR, DESCRIPTION, NAME) VALUES (64, 7, null, 'Brick-2-3-5');
INSERT INTO BRICK (ID, COLOR, DESCRIPTION, NAME) VALUES (65, 7, null, 'Brick-9-8-7');
INSERT INTO BRICK (ID, COLOR, DESCRIPTION, NAME) VALUES (69, 0, null, 'Brick-1-2-3');
INSERT INTO BRICK (ID, COLOR, DESCRIPTION, NAME) VALUES (70, 9, null, 'Brick-1-2-3');
INSERT INTO BRICK (ID, COLOR, DESCRIPTION, NAME) VALUES (71, 9, null, 'Brick-3-2-5');

INSERT INTO BUILDINGKIT_BRICKS (BUILDINGKIT_ID, BRICKS, BRICKS_KEY) VALUES (20, 5, 69);
INSERT INTO BUILDINGKIT_BRICKS (BUILDINGKIT_ID, BRICKS, BRICKS_KEY) VALUES (20, 5, 65);
INSERT INTO BUILDINGKIT_BRICKS (BUILDINGKIT_ID, BRICKS, BRICKS_KEY) VALUES (20, 10, 57);
INSERT INTO BUILDINGKIT_BRICKS (BUILDINGKIT_ID, BRICKS, BRICKS_KEY) VALUES (20, 2, 60);
INSERT INTO BUILDINGKIT_BRICKS (BUILDINGKIT_ID, BRICKS, BRICKS_KEY) VALUES (21, 4, 57);
INSERT INTO BUILDINGKIT_BRICKS (BUILDINGKIT_ID, BRICKS, BRICKS_KEY) VALUES (21, 10, 70);
INSERT INTO BUILDINGKIT_BRICKS (BUILDINGKIT_ID, BRICKS, BRICKS_KEY) VALUES (21, 5, 65);
INSERT INTO BUILDINGKIT_BRICKS (BUILDINGKIT_ID, BRICKS, BRICKS_KEY) VALUES (22, 4, 57);
INSERT INTO BUILDINGKIT_BRICKS (BUILDINGKIT_ID, BRICKS, BRICKS_KEY) VALUES (22, 2, 61);
INSERT INTO BUILDINGKIT_BRICKS (BUILDINGKIT_ID, BRICKS, BRICKS_KEY) VALUES (22, 20, 70);
INSERT INTO BUILDINGKIT_BRICKS (BUILDINGKIT_ID, BRICKS, BRICKS_KEY) VALUES (22, 5, 58);
INSERT INTO BUILDINGKIT_BRICKS (BUILDINGKIT_ID, BRICKS, BRICKS_KEY) VALUES (23, 10, 57);
INSERT INTO BUILDINGKIT_BRICKS (BUILDINGKIT_ID, BRICKS, BRICKS_KEY) VALUES (24, 5, 57);
INSERT INTO BUILDINGKIT_BRICKS (BUILDINGKIT_ID, BRICKS, BRICKS_KEY) VALUES (24, 10, 58);
INSERT INTO BUILDINGKIT_BRICKS (BUILDINGKIT_ID, BRICKS, BRICKS_KEY) VALUES (25, 5, 57);
INSERT INTO BUILDINGKIT_BRICKS (BUILDINGKIT_ID, BRICKS, BRICKS_KEY) VALUES (25, 10, 58);
INSERT INTO BUILDINGKIT_BRICKS (BUILDINGKIT_ID, BRICKS, BRICKS_KEY) VALUES (29, 15, 57);
INSERT INTO BUILDINGKIT_BRICKS (BUILDINGKIT_ID, BRICKS, BRICKS_KEY) VALUES (31, 5, 57);
INSERT INTO BUILDINGKIT_BRICKS (BUILDINGKIT_ID, BRICKS, BRICKS_KEY) VALUES (31, 10, 58);
INSERT INTO BUILDINGKIT_BRICKS (BUILDINGKIT_ID, BRICKS, BRICKS_KEY) VALUES (34, 100, 57);
INSERT INTO BUILDINGKIT_BRICKS (BUILDINGKIT_ID, BRICKS, BRICKS_KEY) VALUES (34, 15, 58);
INSERT INTO BUILDINGKIT_BRICKS (BUILDINGKIT_ID, BRICKS, BRICKS_KEY) VALUES (35, 70, 57);
INSERT INTO BUILDINGKIT_BRICKS (BUILDINGKIT_ID, BRICKS, BRICKS_KEY) VALUES (35, 10, 61);
INSERT INTO BUILDINGKIT_BRICKS (BUILDINGKIT_ID, BRICKS, BRICKS_KEY) VALUES (35, 100, 69);
INSERT INTO BUILDINGKIT_BRICKS (BUILDINGKIT_ID, BRICKS, BRICKS_KEY) VALUES (35, 50, 71);
INSERT INTO BUILDINGKIT_BRICKS (BUILDINGKIT_ID, BRICKS, BRICKS_KEY) VALUES (35, 5, 60);
INSERT INTO BUILDINGKIT_BRICKS (BUILDINGKIT_ID, BRICKS, BRICKS_KEY) VALUES (33, 5, 57);
INSERT INTO BUILDINGKIT_BRICKS (BUILDINGKIT_ID, BRICKS, BRICKS_KEY) VALUES (32, 5, 57);
INSERT INTO BUILDINGKIT_BRICKS (BUILDINGKIT_ID, BRICKS, BRICKS_KEY) VALUES (30, 5, 57);
INSERT INTO BUILDINGKIT_BRICKS (BUILDINGKIT_ID, BRICKS, BRICKS_KEY) VALUES (29, 5, 58);
INSERT INTO BUILDINGKIT_BRICKS (BUILDINGKIT_ID, BRICKS, BRICKS_KEY) VALUES (28, 5, 57);
INSERT INTO BUILDINGKIT_BRICKS (BUILDINGKIT_ID, BRICKS, BRICKS_KEY) VALUES (27, 5, 57);
INSERT INTO BUILDINGKIT_BRICKS (BUILDINGKIT_ID, BRICKS, BRICKS_KEY) VALUES (26, 5, 57);
INSERT INTO BUILDINGKIT_BRICKS (BUILDINGKIT_ID, BRICKS, BRICKS_KEY) VALUES (23, 5, 58);

INSERT INTO PA165.ACCOUNT (ID, ISADMIN, NAME, PASSWORD) VALUES (1, 1, 'admin', 'admin');
INSERT INTO PA165.ACCOUNT (ID, ISADMIN, NAME, PASSWORD) VALUES (2, 0, 'user', 'user');

